,,Cover image,,Interested_Group,Profession,Synonyms,,,,,,,
78,23-512.png,zombieuseyourbrain-640055.jpeg,0,Engineering,Engineer,Engineers,1,100,100,100,100,100,100
80,computer-engineering-.png,Computer.jpg,78,Computer Engineering,Computer Engineer,ComputerEngineering,1,100,100,100,100,100,100
81,engineering-icon.png,construction-project-management.png,78,Civil Engineering,Civil Engineer,civilengineering,1,100,100,100,100,100,100
83,mechanical-icon.gif,mech.jpg,78,Mechanical Engineering,Mechanical Engineer,fusion360 fusion-360,1,100,100,100,100,100,100
84,Neopartners_Symbol-GOW.png,elecronics-engineering.jpg,78,Electronics Engineering,Electronic Engineer,ElectronicEngineers,1,100,100,100,100,100,100
86,icon1_1.jpg,1600x600_ElectricalEngineering_Banner.jpg,78,Electrical Engineering,Electrical Engineer,Electricalengineers,1,100,100,100,100,100,100
87,doctors.jpg,doctors.jpg,0,Doctors,Doctor,Doctor,0,100,100,100,100,100,100
90,Obstetrics_icon.png,baby-784609.jpg,87,Obstetrics,Obstetrician,Obstetricians,1,100,100,100,100,100,100
91,Gynecology-Icon.png,GYNAECOLOGIST1.jpg,87,Gynaecology,Gynaecologist,Gynaecologists,1,100,100,100,100,100,100
92,dentistry_icon.png,dentist.jpg,87,Dentistry,Dentist,Dentists,1,100,100,100,100,100,100
93,Internal-medicine-icon.png,Internal_Medicine.jpg,87,Internal Medicines,Internist,Internists,1,100,100,100,100,100,100
94,paediatrics_icon.png,paediatrician.jpg,87,Paediatrics,Paediatrician,Paediatricians,1,100,100,100,100,100,100
99,General_Medicine_icon.png,generalmedicine.jpg,87,General Medicine (MBBS),General Medicine (MBBS) Doctor,MBBS,1,100,100,100,100,100,100
100,sports.png,rsz_sports-11.jpg,0,Sports,Sportsperson,Sports,1,100,100,100,100,100,100
102,basketball_icon.png,Basketball-Wallpaper-HD.jpg,100,Basketball,Basketball player,Basketball,1,100,100,100,100,100,100
104,cricket.png,cricket.jpg,100,Cricket,Cricket player,Cricketers Tendulkar Kohli Dhoni,1,100,100,100,100,100,100
105,Hockey-icon.png,field-hockey-stick-and-ball-banner.jpg,100,Hockey,Hockey Player,Hockey,1,100,100,100,100,100,100
107,tabletennis_icon.png,tt3.jpg,100,Table Tennis,Table Tennis Player,pingpong Tabletennis,1,100,100,100,100,100,100
108,badminton_icon.jpg,badminton3.jpg,100,Badminton,Badminton Player,Badminton,1,100,100,100,100,100,100
115,site-icon0.jpg,sellurartwork_smal2222l.jpg,0,Artists,Artist,Artists,1,100,100,100,100,100,100
122,photographer_icon.png,Photography.jpeg,115,Photography,Photographer,Photography,1,100,100,100,100,100,100
123,musician.png,music.jpg,115,Music,Musician,jazz piano pianist,1,100,100,100,100,100,100
125,painter_icon.png,painter2.jpg,115,Painting,Painter,painting Decoupage,1,100,100,100,100,100,100
126,dancing.jpg,tga40028_dance_shadow.jpg,115,Dancing,Dancer,dancers,1,100,100,100,100,100,100
127,theatremasks.jpg,theatre.jpg,115,Theatre and Film,Theatre and Film Artist,Theatre Filmmakers acting actor,1,100,100,100,100,100,100
130,f994279fc900e1419200289784a535c2.jpeg,writer1.jpg,115,Writing,Writer,writing,1,100,100,100,100,100,100
135,hiphop.jpeg,hiphop1.jpg,126,Hip Hop Dancing,Hip Hop Dancer,hiphop,1,100,100,100,100,100,100
136,spring-congress-200x200.jpg,salsa.jpg,126,Salsa Dancing,Salsa Dancer,on2 on1 bachata,1,100,100,100,100,100,100
137,zumba_logo.png,zumba1.jpg,126,Zumba,Zumba Dancer,Zumba,1,100,100,100,100,100,100
138,classical.jpg,web.jpg,126,Classical Dancing,Classical Dancer,bharatanatyam,1,100,100,100,100,100,100
140,activists.jpg,activists.jpg,0,Activism,Activist,Activism,0,100,100,100,100,100,100
143,socialActivism_icon.jpg,socialactivist.jpg,140,Social Activism,Social Activist,SocialActivists,1,100,100,100,100,100,100
144,Social_activism_icon.jpg,rr.jpg,140,Political Activism,Political Activist,PoliticalActivists,1,100,100,100,100,100,100
145,animalrights.jpg,animalwelfare1.jpg,140,Animal Welfare,Animal Welfare Activist,AnimalWelfare animalrescue,1,100,100,100,100,100,100
146,environmentactivist_icon.png,d18e36d6bccc1cba03a78f51ebf5ba1a.jpg,140,Environment Activism,Environment Activist,pollution,1,100,100,100,100,100,100
148,LawnTennis_icon.png,large.jpg,100,Lawn Tennis,Lawn Tennis Player,federer nadal wimbledon,1,100,100,100,100,100,100
157,workout-icon-png-janette-cardy-fitness-9.png,Fitness-Quotes-1.jpg,0,Fitness,Fitness Freak,fitness,1,100,100,100,100,100,100
158,gym.jpg,o-GYM-MISTAKES-facebook.jpg,157,Gym,Gym Enthusiast,gym workout,1,100,100,100,100,100,100
159,Sonya-Swarm-Running.png,Training-Shoes-For-Men-And-Women.jpg,157,Running,Runner,running,1,100,100,100,100,100,100
160,Cycling_icon_png.gif,CYCLING.jpg,157,Cycling,Cycling Enthusiast,Cycling bicycle,1,100,100,100,100,100,100
161,HiRes.jpg,Byron-Bay-Soul-Journey-Yoga-Retreat.jpg,157,Yoga,Yogi,Yoga Yogi Yogini,1,100,100,100,100,100,100
162,wresteling.png,bgucu.jpg,100,Wrestling,Wrestler,Wrestling,1,100,100,100,100,100,100
163,kizomba-icon.png,big_1411756531_image.jpg,126,Kizomba Dancing,Kizomba Dancer,Kizomba,1,100,100,100,100,100,100
164,20170309_58c0adc791f87-210x210.png,Fotolia_111774535_M.jpg,157,Food and Nutrition,Nutritious Food lover,nutrition health Nutritarian,1,100,100,100,100,100,100
165,bollywood.png,C_Mona_116_crop.jpg,126,Bollywood,Bollywood Dancer,,1,100,100,100,100,100,100
166,iconpopword-large-200.jpg,o-BELLY-DANCING-facebook.jpg,126,Belly Dancing,Belly Dancer,Belly,1,100,100,100,100,100,100
167,football.png,football-4.jpg,100,Football,Football Player,football soccer,1,100,100,100,100,100,100
168,iconpopword-large-020.jpg,bannerImg.png,100,Golf,Golf Player,golf,1,100,100,100,100,100,100
169,iconpopword-large-047.jpg,skate-cover_1414403310.jpg,100,Skating,Skater,Skating,1,100,100,100,100,100,100
170,blockchain.jpg,cryptocurrency.jpg,80,Blockchain & Cryptocurrency,Blockchain & Cryptocurrency Enthusiast,Blockchain Cryptocurrency bitcoin crypto hyperledger hashgraph,1,100,100,100,100,100,100
172,travelling2.jpg,travelling.jpg,174,Travelling,Traveller,Traveller backpacking backpackers backpacker,1,100,100,100,100,100,100
173,lawyers.jpg,lawyers.jpg,0,Lawyer,Lawyer,Lawyers,1,100,100,100,100,100,100
174,leisure1.png,leisure.jpg,0,Leisure,Leisure seeker,Leisure,1,100,100,100,100,100,100
175,trekking.jpg,trekking.jpg,157,Trekking & Hiking,Hiker,Hiker trek trekking hiking,1,100,100,100,100,100,100
176,business_icon.jpg,business_cover.jpg,0,Business,Business owner,Business xerohour,1,100,100,100,100,100,100
177,startup1.png,startup_cover.jpg,0,Startup,Startup owner,Startups wework,1,100,100,100,100,100,100
178,developer2.png,developers_cover.jpg,80,Code Development,Code Developer,"php python golang laravel django agile redux angularjs hack hacking ""raspberry pi""",1,100,100,100,100,100,100
179,test1.jpg,testers_cover.jpg,80,QA & testing,QA Engineer,QualityAssurance,1,100,100,100,100,100,100
180,devops1.png,devops_cover.png,80,DevOps,DevOps Engineer,couchbase aws GoogleCloud GCloud serverless azure,1,100,100,100,100,100,100
181,python_icon.jpg,pythin_cover.jpg,80,Python,Python Coder,pydata,1,100,100,100,100,100,100
182,wordpress2.png,wordpress.jpg,80,Wordpress,Wordpress Engineer,Wordpress,1,100,100,100,100,100,100
183,designing.png,designing.jpg,0,Designing,Designer,Designer,1,100,100,100,100,100,100
184,parenting.png,parenting.jpg,0,Parenting,Parent,Parents,1,100,100,100,100,100,100
185,ux.png,uiux.png,183,UI Designing,UI Designer,"Designer UI/UX UX ""user interface"" ""user experience"" UI",1,100,100,100,100,100,100
186,graphic designing.png,graphicaldesign.jpg,183,Graphic Designing,Graphic Designer,"Designers ""graphic designer"" ""Graphic Design""",1,100,100,100,100,100,100
187,meditation.jpg,meditation.jpg,157,Meditation,Meditator,Meditators,1,100,100,100,100,100,100
188,selfhealing.jpg,healing.jpg,157,Self Healing,Self Healer,LoA,1,100,100,100,100,100,100
189,networking-icon.png,computer-networking-1-1024x504.jpg,80,Computer Networking,Network Engineer,Cisco F5 Juniper Citrix,1,100,100,100,100,100,100
190,party1.png,party.jpg,174,Party,Party lover,Party picknick picknik piknik,1,100,100,100,100,100,100
191,security.png,security.jpg,80,Cyber Security,Cyber Security Engineer,netskope cisco cissp ceh cybersecurity,1,100,100,100,100,100,100
192,Dermatology2.jpg,Dermatology.jpg,87,Dermatology,Dermatologist,Dermatologists,1,100,100,100,100,100,100
193,Neurology.jpg,Neurology.jpg,87,Neurology,Neurologist,Neurologists Narcolepsy Narcoleptic Narcoleptics aspergers,1,100,100,100,100,100,100
194,Ophthalmology.jpg,Ophthalmology.jpg,87,Ophthalmology,Ophthalmologist,Ophthalmology,1,100,100,100,100,100,100
195,Psychiatry3.jpg,Psychiatry.jpg,87,Psychiatry,Psychiatrist,Psychiatry,1,100,100,100,100,100,100
196,Toxicology1.jpg,Toxicology.jpg,87,Toxicology,Toxicologist,Toxicologists,1,100,100,100,100,100,100
197,Baseball (1).jpg,Baseball.jpg,100,Baseball,Baseball Player,Baseball,1,100,100,100,100,100,100
198,volleyball.jpg,Volleyball.jpg,100,Volleyball,Volleyball Player,Volleyball,1,100,100,100,100,100,100
199,Rugby.jpg,Rugby.jpg,100,Rugby,Rugby Player,Rugby,1,100,100,100,100,100,100
200,Boxing.jpg,Boxing.jpg,100,Boxing,Boxer,Boxing,1,100,100,100,100,100,100
201,Motorsports.jpg,Motorsports.jpg,100,Motorsports,Moto Racer,Motosports,1,100,100,100,100,100,100
202,cardiologist.png,cardiology.jpg,87,Cardiology,Cardiologist,Cardiology,1,100,100,100,100,100,100
203,orthopologist.PNG,orthopaedic.jpg,87,Orthopaedic,Orthopedician,Orthopaedic,1,100,100,100,100,100,100
204,endocrnology.png,,87,Endocrinology,Endocrinologist,Endocrinology,1,100,100,100,100,100,100
205,oncologist.png,oncology.jpg,87,Oncology,Oncologist,Oncology,1,100,100,100,100,100,100
206,anasthesian.png,anaseshetist.jpg,87,Anesthesia,Anesthesiologist,Anesthesia,1,100,100,100,100,100,100
207,Gardening2.jpg,Gardening.jpg,174,Gardening,Gardener,Gardening,1,100,100,100,100,100,100
208,intertility.jpg,infertility.jpg,87,Infertility,Infertility Specialist,Infertility,1,100,100,100,100,100,100
209,immigration (1).jpg,immigration.jpg,0,Immigration,Immigrator,"Immigration ""study abroad""",1,100,100,100,100,100,100
210,makeup_artist (1).jpg,makeup_artist.jpg,115,Makeup Artist,Makeup Artists,Makeup Artist,1,100,100,100,100,100,100
211,mba.png,mba.jpg,0,MBA,MBA Professional,MBA,1,100,100,100,100,100,100
212,human resource.PNG,human resource.jpg,211,Human Resource,Human Resource Manager,humanresource recruiting,1,100,100,100,100,100,100
213,fiance (1).png,finance.jpg,211,Finance,Finance Manager,Finance,1,100,100,100,100,100,100
214,marketting.png,marketting.jpg,211,Marketing,Marketing Manager,"digital marketing digitalmarketing seo ""search engine optimization""",1,100,100,100,100,100,100
215,leader.png,leaders (2).jpg,211,Leadership,Leader,Toastmasters,1,100,100,100,100,100,100
216,financial_planning2.jpg,financial_planning.jpg,176,Financial Planning,Financial Planner,,1,100,100,100,100,100,100
217,management.png,managers (1).jpg,211,Management,Manager,Management manager,1,100,100,100,100,100,100
218,container.jpg,containers.png,80,Containers,Container Enthusiast,docker kubernetes,1,100,100,100,100,100,100
219,accounts.png,account (1).jpg,0,Accounts,Accountant,Accountancy,1,100,100,100,100,100,100
220,physics.jpg,physics (1).jpg,0,Physics,Physicist,Physics,1,100,100,100,100,100,100
221,chemistry.png,rsz_chemistry.jpg,0,Chemistry,Chemist,Chemistry,1,100,100,100,100,100,100
222,economics.png,economics (1).jpg,0,Economics,Economist,Economics,1,100,100,100,100,100,100
223,literature.png,lierature.jpg,0,Literature,Literature,Literature,1,100,100,100,100,100,100
224,CA (1).jpg,CA.jpg,0,Chartered Accountant,CA,CharteredAccountant,1,100,100,100,100,100,100
225,language_learning.png,language_learning.jpg,0,Linguistic and Languages,Linguistic and Language,Languagelearning,1,100,100,100,100,100,100
226,english_learning (1).png,english.png,225,English Learning,English Learner,Englishlearning Toastmasters,1,100,100,100,100,100,100
227,spanish_learning.jpg,spanish2.jpg,225,Spanish Learning,Spanish Learner,Spanish,1,100,100,100,100,100,100
228,beer.png,beer.jpg,174,Beer,Beer Lover,Beer,1,100,100,100,100,100,100
229,marijuana.png,marijuana (2).jpg,174,Marijuana,Marijuana Lover,cannabis CBD,1,100,10,100,100,100,100
230,real_estate (1).png,real_estate2.jpg,0,Real Estate,Realtor,Realtor realestate,1,100,100,100,100,100,100
231,tech_news (1).jpg,group_icon-051900000020191009349754.png,0,Emerging Technologies,Technology Lover,GPS VR AR,1,100,100,100,100,100,100
232,data_analytics.png,data-analytics.jpg,80,Data Analytics,Data Analytical,DataAnalytics,1,100,100,100,100,100,100
233,mental.png,mental.jpg,157,Mental Peace,Mental Peace Lover,meditation monastry yoga,1,100,100,100,100,100,100
234,sketch.png,,115,Sketching,Sketch Lover,Sketching,1,100,100,100,100,100,100
235,russian.jpg,russianlang.jpg,225,Russian Language,Russian Language Learner,Russian,1,100,100,100,100,100,100
236,germanlerning.png,german.jpg,225,German Language,German Language Learner,German,1,100,100,100,100,100,100
237,stragegy.png,businessstrategy.jpg,176,Business Strategy,Business Strategy Thinker,BusinessStrategy,1,100,100,100,100,100,100
238,wine.png,wine.jpg,174,Wine,Wine Lover,Wine,1,100,100,100,100,100,100
239,linux.png,linux.jpg,80,Linux,Linux User,Linux,1,100,100,100,100,100,100
240,networking.png,networking.jpg,176,Business Networking,Business Networking,Networking,1,100,100,100,100,100,100
241,artficialintelligence.png,ai.jpg,80,Artificial Intelligence,AI Enthusiast,AI,1,100,100,100,100,100,100
242,game_development (1).png,game.jpg,80,Game Developing,Game Developer,unity3D unreal,1,100,100,100,100,100,100
243,iot.png,iot.jpg,80,Internet Of Things,IoT Enthusiast,IOT,1,100,100,100,100,100,100
244,aeronautical engineering.jpg,Aeronautical Engg.jpg,78,Aeronautical Engineering,Aeronautical Engineer,Aerospace,1,100,100,100,100,100,100
245,chemical_engg.jpg,chemical engg.jpg,78,Chemical Engineering,Chemical Engineer,,1,100,100,100,100,100,100
246,group_icon-055300000020191543315054.png,group_icon-05530000002019264672393.png,115,Fashion,Fashion Designer,Designers costume dressmakers models stylists,1,100,100,100,100,100,100
247,group_icon-061400000020181501471452.png,Flight Attendant.jpg,0,Flight Attendant,Flight Attendants,,1,100,100,100,100,100,100
248,pilot.jpg,Pilot.jpg,0,Pilot,Pilot,Aviator,1,100,100,100,100,100,100
249,robotic engg.jpg,Robotic Enginerring.jpg,78,Robotic Engineering,Robotics Engineer,Robotics robot,1,100,100,100,100,100,100
251,Poetry.png,Poetry.jpg,115,Poetry,Poet,Verse Rhyme Songs,1,100,100,100,100,100,100
252,Philosophy.png,Philosophy.jpg,0,Philosophy,Philosopher,idea ideology logic truth,1,100,100,100,100,100,100
253,Architecture.png,Architecture.jpg,81,Architecture,Architecture Engineer,building construction planning Architectural,1,100,100,100,100,100,100
254,Rowing.jpg,Rowing.jpg,100,Rowing,Rowing,paddle swim,1,100,100,100,100,100,100
255,Virtual Reality.png,Virtual Reality.jpg,231,Virtual Reality,Virtual Reality,VR,1,100,100,100,100,100,100
256,Biochemistry.jpg,Biochemistry.jpg,221,Biochemistry,Biochemist,bombastry bitchiest chemist,1,100,100,100,100,100,100
257,Religion.png,Religion.jpg,252,Religion,Religious People,GOD Ritual Prayer,1,100,100,100,100,100,100
258,Spirituality.jpg,Spirituality.jpg,252,Spirituality,Spiritualist,,1,100,100,100,100,100,100
259,Agriculture.jpg,Agriculture.jpg,0,Agriculture,Agriculturist,farmer cultivation,1,100,100,100,100,100,100
260,Book Reading.jpg,group_icon-053900000020191995439988.png,0,Book Reading,Book Lover,study learning knowledge,1,100,100,100,100,100,100
261,History.png,History.jpg,0,History,Historian,Past antiquity ancient,1,100,100,100,100,100,100
262,Space.png,Space.jpg,0,Space,Aestronaut,,1,100,100,100,100,100,100
263,Pharmacy.jpg,Pharmacy.jpg,87,Pharmacy,Pharmacist,drugstore dispensary apothecary,1,100,100,100,100,100,100
264,Education.png,Education.jpg,0,Education,Education,,1,100,100,100,100,100,100
265,Entrance Exam.png,group_icon-051200000020192014720088.png,264,Entrance Exam,Entrance Exam,,1,100,100,100,100,100,100
266,Musical Instrument.jpg,group_icon-0543000000201977384309.png,115,Musical Instrument,Musician,,1,100,100,100,100,100,100
267,Lifestyle.jpg,Lifestyle.jpg,0,Lifestyle,Lifestyle,,1,100,100,100,100,100,100
268,Maths.jpg,Maths.jpg,0,Maths,Mathematician,calculation,1,100,100,100,100,100,100
269,French Language.jpg,group_icon-053300000020191069086219.png,225,French Language,French Language,,1,100,100,100,100,100,100
270,Student.png,Student.jpg,264,Student,Student,,1,100,100,100,100,100,100
271,Chess.png,Chess.jpg,100,Chess,Ches,,1,100,100,100,100,100,100
272,Guitar.png,Guitar.jpg,266,Guitar,Guitarist,,1,100,100,100,100,100,100
273,Tabla.jpg,Tabla.jpg,266,Tabla,Tabla,,1,100,100,100,100,100,100
274,Piano.png,Piano.jpg,266,Piano,Piano,,1,100,100,100,100,100,100
275,Violin.jpg,Violin.jpg,266,Violin,Violin,,1,100,100,100,100,100,100
276,Flute.png,Flute.jpg,266,Flute,Flute,,1,100,100,100,100,100,100
277,Drum.jpg,Drum.jpg,266,Drum,Drum,,1,100,100,100,100,100,100
278,Saxophone.png,Saxophone.jpg,266,Saxophone,Saxophone,,1,100,100,100,100,100,100
279,Cello.png,Cello.jpg,266,Cello,Cello,,1,100,100,100,100,100,100
280,Keyboard.jpg,Keyboard.jpg,266,Keyboard,Keyboard,,1,100,100,100,100,100,100
281,Harmonium.png,Harmonium.png,266,Harmonium,Harmonium,,1,100,100,100,100,100,100
282,Mythology.png,Mythology.jpg,252,Mythology,Mythology,,1,100,100,100,100,100,100
283,Market Analysis.jpg,group_icon-051500000020191298668664.png,176,Market Analysis,Market Analyst,,1,100,100,100,100,100,100
284,LGBT.png,LGBT.jpg,140,LGBT,LGBT,,1,100,100,100,100,100,100
285,Class 11.jpg,group_icon-055800000020191865544139.png,264,Class 11,Class 11,,1,100,100,100,100,100,100
286,Class 10.jpg,group_icon-05450000002019504642431.png,264,Class 10,Class 10,,1,100,100,100,100,100,100
287,Class 12.jpg,group_icon-0512000000201911192082.png,264,Class 12,Class 12,,1,100,100,100,100,100,100
288,Teacher.png,Teacher.jpg,264,Teacher,Teacher,,1,100,100,100,100,100,100
289,Festival.png,Festival.jpg,0,Festival,Festival,Holi diwali christmas baisakhi lohri,1,100,100,100,100,100,100
290,Beauty.png,Beauty.jpg,0,Beauty,Beautician,,1,100,100,100,100,100,100
291,IIT JEE.png,group_icon-051100000020191551637740.png,265,IIT JEE,IIT JEE,,1,100,100,100,100,100,100
292,Archaeology.jpg,Archaeology.jpg,0,Archaeology,Archaeologist,,1,100,100,100,100,100,100
293,Civilization.png,Civilization.jpg,0,Civilisation,Civilisation,,1,100,100,100,100,100,100
294,Astronomy.jpg,Astronomy.jpg,0,Astronomy,Astronomy,,1,100,100,100,100,100,100
295,Cooking.png,Cooking.jpg,0,Cooking,Cooking lover,cook cooks,1,100,100,100,100,100,100
296,Trading.png,Trading.jpg,176,Trading,Trading,,1,100,100,100,100,100,100
297,Movie Watching.jpg,group_icon-062900000020191908748818.png,0,Movie Watching,Movie Watching,,1,100,100,100,100,100,100
298,Archery.png,Archery.jpg,100,Archery,Archer,,1,100,100,100,100,100,100
299,Bowling.png,Bowling.jpg,100,Bowling,Bowling,,1,100,100,100,100,100,100
300,Curling.png,Curling.jpg,100,Curling,Curling,,1,100,100,100,100,100,100
301,Karate.png,Karate.jpg,100,Karate,Karate,,1,100,100,100,100,100,100
302,Weight Lifting.jpg,group_icon-06270000002019375687676.png,100,Weight Lifting,Weight Lifting,,1,100,100,100,100,100,100
303,Shooting.png,Shooting.jpg,100,Shooting,Shooter,,1,100,100,100,100,100,100
304,Ballet.png,Ballet.jpg,126,Ballet,Ballet,,1,100,100,100,100,100,100
305,Kathak.png,Kathak.jpg,126,Kathak,Kathak dancer,Kathakali,1,100,100,100,100,100,100
307,Aerial.png,Aerial.jpg,126,Aerial,Aerial,,1,100,100,100,100,100,100
308,Tango.jpg,Tango.jpg,126,Tango,Tango,,1,100,100,100,100,100,100
309,Cancan.jpg,Cancan.jpg,126,Cancan,Cancan,,1,100,100,100,100,100,100
310,Magic.png,Magic.jpg,0,Magic,Magician,,1,100,100,100,100,100,100
311,Horse Riding.jpg,Horse Riding.jpg,0,Horse Riding,Jockey,,1,100,100,100,100,100,100
312,Self Defence .png,Self Defence .jpg,0,Self Defence,Self Defence,,1,100,100,100,100,100,100
313,Swimming.png,Swimming.jpg,100,Swimming,Swimmer,,1,100,100,100,100,100,100
314,Product Reviews.png,product review-coverjpg,0,Product Reviews,Product Review,,1,100,100,100,100,100,100
315,massage-iconjpg,massage-coverjpg,0,Massage,Massage,,1,100,100,100,100,100,100
316,mass media-iconpng,mass media-coverjpg,0,Mass media and Journalism,Mass media and Journalism,,1,100,100,100,100,100,100
317,dating-iconpng,dating-coverpng,0,Dating,Dating,,1,100,100,100,100,100,100
318,database administrator.png,Database administrator-coverjpg,80,Database Administrator,Database Administrator,,1,100,100,100,100,100,100
319,ML_iconpng,ML_coverjpg,80,Machine Learning,Machine Learning,,1,100,100,100,100,100,100
320,personal development_iconjpg,personal development_coverjpg,0,Personal Development,Personal Development,,1,100,100,100,100,100,100
321,career counselling_iconpng,career counselling_coverpng,264,Career Counselling,Career Counselling,,1,100,100,100,100,100,100
322,gaming_iconjpg,gaming_coverjpg,174,Gaming,Gaming,,1,100,100,100,100,100,100
323,construction engineering_iconpng,construction engineering_coverjpg,81,Construction,Construction,,1,100,100,100,100,100,100
324,urban planning engineering_iconjpg,urban planning engineering_coverpng,81,Urban Planning,Urban Planning,,1,100,100,100,100,100,100
325,structural engineering_iconjpg,structural engineering_coverjpg,81,Structural Engineering,Structural Engineering,,1,100,100,100,100,100,100
326,transportation engineering_iconpng,transportation engineering_coverpng,81,Transportation Engineering,Transportation Engineering,,1,100,100,100,100,100,100
327,geotechnical engineering_iconpng,geotechnical engineering_coverjpg,81,Geotechnical Engineering,Geotechnical Engineering,,1,100,100,100,100,100,100
328,Industrial Automation engineering_iconpng,Industrial Automation engineering_coverjpg,83,Industrial Automation Engineering,Industrial Automation Engineering,,1,100,100,100,100,100,100
329,Nanotechnology engineering_iconjpg,Nanotechnology engineering_coverjpg,83,Nanotechnology Engineering,Nanotechnology Engineering,,1,100,100,100,100,100,100
330,Mechatronics engineering _iconpng,Mechatronics engineering_coverjpg,83,Mechatronics Engineering,Mechatronics Engineering,,1,100,100,100,100,100,100
331,Industrial engineering_iconjpg,Industrial engineering_coverjpg,83,Industrial Engineering,Industrial Engineering,,1,100,100,100,100,100,100
332,robotics engineering_iconpng,robotics engineering_coverjpg,83,Robotics Engineering,Robotics Engineering,,1,100,100,100,100,100,100
333,pottery_iconpng,pottery_coverpng,115,Pottery,Pottery,,1,100,100,100,100,100,100
334,politics.png,Politics_coverpng,0,Politics,Politic,,1,100,100,100,100,100,100
335,Gender Issues_iconjpg,Gender Issues_coverjpg,140,Gender Issue,Gender Issue,,1,100,100,100,100,100,100
336,humanity_iconpng,humanity_coverjpg,0,Humanity,Humanity,,1,100,100,100,100,100,100
337,DJ_iconpng,DJ_coverjpg,115,DJ,DJ,,1,100,100,100,100,100,100
338,digital marketing.png,Digital Marketing_coverpng,0,Digital Marketing,Digital Marketing,,1,100,100,100,100,100,100
339,Volunteering_iconpng,Volunteering_coverpng,140,Volunteering,Volunteering,,1,100,100,100,100,100,100
340,Venture Capital_iconjpg,Venure capital-coverpng,176,Venture Capital,Venture Capital,,1,100,100,100,100,100,100
341,Hotel Management_iconjpg,Hotel Management_coverjpg,211,Hotel Management,Hotel Management,,1,100,100,100,100,100,100
342,Adventure_iconjpg,Adventure_coverjpg,0,Adventure,Adventure,,1,100,100,100,100,100,100
343,bungee jumping_iconpng,bungee Jumping_coverjpg,342,Bungee Jumping,Bungee Jumping,,1,100,100,100,100,100,100
344,Skydiving_iconjpg,Skydiving_coverjpg,342,Sky Diving,Sky Diving,,1,100,100,100,100,100,100
345,Ocean Diving_iconpng,Ocean Diving_coverjpg,342,Ocean Diving,Ocean Diving,,1,100,100,100,100,100,100
346,Canoeing_iconpng,Canoeing_coverjpg,342,Canoeing,Canoeing,,1,100,100,100,100,100,100
347,Camping_iconjpg,Camping_coverjpg,342,Camping,Camping,,1,100,100,100,100,100,100
348,Inventors_iconpng,Inventors_coverjpg,0,Inventors,Inventor,,1,100,100,100,100,100,100
349,Anthropology_iconpng,Anthropology_coverjpg,0,Anthropology,Anthropology,,1,100,100,100,100,100,100
350,fine art_iconpng,fine art_coverjpg,115,Fine Arts,Fine Art,,1,100,100,100,100,100,100
351,Freeflying_iconpng,Freeflying_coverjpg,342,Freeflying,Freeflying,,1,100,100,100,100,100,100
352,Scuba Diver_iconpng,Scuba Diver_coverjpg,342,Scuba Diving,Scuba Diving,,1,100,100,100,100,100,100
353,Windsurfing_iconpng,Windsurfing_coverjpg,342,Wind Surfing,Wind Surfer,,1,100,100,100,100,100,100
354,Homeless_iconpng,Homeless_coverjpg,140,Homeless,Homeles,,1,100,100,100,100,100,100
355,Mountain biking_iconpng,Mountain biking_coverjpg,342,mountain biking,mountain biking,,1,100,100,100,100,100,100
356,Music Producers_iconpng,Music Producers_coverjpg,115,Music Producers,Music Producer,,1,100,100,100,100,100,100
357,Performing and Visual arts_iconpng,Performing and Visual arts_coverjpg,115,Performing and visual arts,Performing and visual art,,1,100,100,100,100,100,100
358,operations-iconjpg,operations-coverjpg,211,Operations,Operation,,1,100,100,100,100,100,100
359,driving-iconjpg,driving-coverjpg,0,Driving,Driving,,1,100,100,100,100,100,100
360,Research and development-iconpng,research and development-coverjpg,0,R&D,R&D,,1,100,100,100,100,100,100
361,Evolution-iconjpg,evolution-coverpng,0,Evolution,Evolution,,1,100,100,100,100,100,100
362,ITI-iconpng,ITI-coverpng,0,ITI,ITI,"Fitters,Welders,Cutters",1,100,100,100,100,100,100
363,Affiliate marketing_iconpng,Affiliate marketing_coverpng,338,Affiliate Marketing,Affiliate Marketing,,1,100,100,100,100,100,100
364,Content marketing_iconjpg,Content marketing_coverjpg,338,Content Marketing,Content Marketing,,1,100,100,100,100,100,100
365,Email marketing_iconjpg,Email marketing_coverjpg,338,Email Marketing,Email Marketing,,1,100,100,100,100,100,100
366,Pay-per-click advertising_iconpng,Pay-per-click advertising_coverjpg,338,Pay per Click Advertising,Pay per Click Advertising,,1,100,100,100,100,100,100
367,Search engine marketing_iconjpg,Search engine marketing_coverjpg,338,Search Engine Marketing,Search Engine Marketing,,1,100,100,100,100,100,100
368,Social Media Market_iconjpg,Social Media Market_coverjpg,338,Social media marketing,Social media marketing,,1,100,100,100,100,100,100
369,,,-1,ATG_INTERNAL,ATG_INTERNAL,ATG_INTERNAL,1,100,100,100,100,100,100